"product_id","product_name","manufacturer","model","sku","status"
"1935","Погружной скважинный насос VINKO 4STM2/7","VINKO ( Italy)","1935","H30936","1"
"1936","Погружной скважинный насос VINKO 4STM2/10","VINKO ( Italy)","1936","H30932","1"
"1937","Погружной скважинный насос VINKO 4STM2/14","VINKO ( Italy)","1937","H30933","1"
"1938","Погружной скважинный насос VINKO 4STM2/20","VINKO ( Italy)","1938","H30934","1"
"1939","Погружной скважинный насос VINKO 4STM2/28","VINKO ( Italy)","1939","H30935","1"
"1940","Погружной скважинный насос VINKO 4STM2/40","VINKO ( Italy)","1940","H30937","1"
"1941","Погружной скважинный насос VINKO 4ST2/7","VINKO ( Italy)","1941","H30931","1"
"1942","Погружной скважинный насос VINKO 4ST2/10","VINKO ( Italy)","1942","H30928","1"
"1943","Погружной скважинный насос VINKO 4ST2/14","VINKO ( Italy)","1943","H309437","1"
"1944","Погружной скважинный насос  VINKO 4ST2/20","VINKO ( Italy)","1944","H30927","1"
"1945","Погружной скважинный насос VINKO 4ST2/28","VINKO ( Italy)","1945","H30929","1"
"1946","Погружной скважинный насос VINKO 4ST2/40","VINKO ( Italy)","1946","H30930","1"
"1947","Погружной скважинный насос VINKO 4ST4/5","VINKO ( Italy)","1947","H309439","1"
"1948","Погружной скважинный насос  VINKO 4STM4/7","VINKO ( Italy)","1948","H309440","1"
"1949","Погружной скважинный насос VINKO 4STM4/9","VINKO ( Italy)","1949","H309441","1"
"1950","Погружной скважинный насос VINKO 4STM4/14","VINKO ( Italy)","1950","H309442","1"
"1951","Погружной скважинный насос VINKO 4STM4/18","VINKO ( Italy)","1951","H309443","1"
"1952","Погружной скважинный насос VINKO 4STM4/27","VINKO ( Italy)","1952","H309444","1"
"1953","Погружной скважинный насос VINKO 4STM4/35","VINKO ( Italy)","1953","H309445","1"
"1954","Погружной скважинный насос VINKO 4 STM 4/48","VINKO ( Italy)","1954","H309446","1"
"1955","Погружной скважинный насос VINKO 4ST4/5","VINKO ( Italy)","1955","H309447","1"
"1956","Погружной скважинный насос VINKO 4ST4/7","VINKO ( Italy)","1956","H309448","1"
"1957","Погружной скважинный насос VINKO 4ST4/9","VINKO ( Italy)","1957","H309449","1"
"1958","Погружной скважинный насос  VINKO 4ST4/14","VINKO ( Italy)","1958","H309450","1"
"1959","Погружной скважинный насос VINKO 4ST4/18","VINKO ( Italy)","1959","H30945","1"
"1960","Погружной скважинный насос VINKO 4ST4/27","VINKO ( Italy)","1960",,"1"
"1961","Погружной скважинный насос VINKO 4ST4/35","VINKO ( Italy)","1961","H30946","1"
"1962","Погружной скважинный насос VINKO 4 ST  4/48","VINKO ( Italy)","1962","H30947","1"
"1963","Погружной скважинный насос VINKO 4ST4/60","VINKO ( Italy)","1963","H30948","1"
"1964","Погружной скважинный насос VINKO 4STM6/7","VINKO ( Italy)","1964","H30949","1"
"1965","Погружной скважинный насос VINKO 4STM6/10","VINKO ( Italy)","1965","H30950","1"
"1966","Погружной скважинный насос VINKO 4STM6/14","VINKO ( Italy)","1966","H30951","1"
"1967","Погружной скважинный насос VINKO 4STM6/20","VINKO ( Italy)","1967","H30952","1"
"1968","Погружной скважинный насос VINKO 4STM6/7 (380V)","VINKO ( Italy)","1968","H30952","0"
"1969","Погружной скважинный насос VINKO STM6/10","VINKO ( Italy)","1969","H30953","1"
"1970","Погружной скважинный насос VINKO 4ST6/14  (380V)","VINKO ( Italy)","1970","H30954","1"
"1971","Погружной скважинный насос VINKO 4 ST 6/20 (380V)","VINKO ( Italy)","1971","H30955","1"
"1972","Погружной скважинный насос VINKO 4 ST 6/27 (380V)","VINKO ( Italy)","1972","H30956","1"
"1973","Погружной скважинный насос VINKO 4ST6/36  (380V)","VINKO ( Italy)","1973","H30957","1"
"1974","Погружной скважинный насос VINKO 4ST6/49  (380V)","VINKO ( Italy)","1974","H30958","1"
"1975","Погружной скважинный насос VINKO 4STM8/4","VINKO ( Italy)","1975","H30940","1"
"1976","Погружной скважинный насос VINKO 4STM8/6","VINKO ( Italy)","1976","H30938","1"
"1977","Погружной скважинный насос VINKO 4STM8/8","VINKO ( Italy)","1977","H30937","1"
"1978","Погружной скважинный насос VINKO 4STM8/13","VINKO ( Italy)","1978","H30939","1"
"1979","Погружной скважинный насос VINKO 4ST8/4","VINKO ( Italy)","1979","H30941","1"
"1980","Погружной скважинный насос VINKO 4ST8/6","VINKO ( Italy)","1980","H309412","1"
"1981","Погружной скважинный насос VINKO 4ST8/8","VINKO ( Italy)","1981","H309413","1"
"1982","Погружной скважинный насос VINKO 4ST8/13","VINKO ( Italy)","1982","H309414","1"
"1983","Погружной скважинный насос VINKO 4ST8/17","VINKO ( Italy)","1983","H309415","1"
"1984","Погружной скважинный насос VINKO 4ST8/23","VINKO ( Italy)","1984","H309416","1"
"1985","Погружной скважинный насос VINKO 4ST8/32","VINKO ( Italy)","1985","H309417","1"
"1986","Погружной скважинный насос VINKO 4ST8/41","VINKO ( Italy)","1986","H309418","1"
"1987","Погружной скважинный насос VINKO 4STM10/7","VINKO ( Italy)","1987","H309419","1"
"1988","Погружной скважинный насос VINKO 4STM10/10","VINKO ( Italy)","1988","H309420","1"
"1989","Погружной скважинный насос VINKO 4STM10/14","VINKO ( Italy)","1989","H309421","1"
"1990","Погружной скважинный насос VINKO 4ST10/7","VINKO ( Italy)","1990","H309423","1"
"1991","Погружной скважинный насос VINKO 4ST10/10","VINKO ( Italy)","1991","H309424","1"
"1992","Погружной скважинный насос VINKO 4ST10/14","VINKO ( Italy)","1992","H309425","1"
"1993","Погружной скважинный насос VINKO 4ST10/18","VINKO ( Italy)","1993","H309426","1"
"1994","Погружной скважинный насос VINKO 4ST10/24","VINKO ( Italy)","1994","H309427","1"
"1995","Погружной скважинный насос VINKO 4ST10/32","VINKO ( Italy)","1995","H309428","1"
"1996","Погружной скважинный насос VINKO 4ST10/39","VINKO ( Italy)","1996","H309429","1"
"1997","Погружной скважинный насос VINKO 4STM 12/7","VINKO ( Italy)","1997","H309430","1"
"1998","Погружной скважинный насос VINKO 4 STM 12/7 (220V)","VINKO ( Italy)","1998",,"0"
"1999","Погружной скважинный насос VINKO 4ST12/7 (380V)","VINKO ( Italy)","1999","H309431","1"
"2000","Погружной скважинный насос VINKO 4ST12/10","VINKO ( Italy)","2000","H309432","1"
"2001","Погружной скважинный насос VINKO 4ST12/14","VINKO ( Italy)","2001","H309433","1"
"2002","Погружной скважинный насос VINKO 4ST12/19","VINKO ( Italy)","2002","H309434","1"
"2003","Погружной скважинный насос VINKO 4ST12/26","VINKO ( Italy)","2003","H309435","1"
"2004","Погружной скважинный насос VINKO 4ST12/33","VINKO ( Italy)","2004","H309436","1"
"7577","Погружной скважинный насос VINKO 3STM1.8/7","VINKO ( Italy)","7577","H30901","1"
"7578","Погружной скважинный насос  3STM1.8/10 ","VINKO ( Italy)","7578","H30901","1"
"7579","Погружной скважинный насос 3STM1.8/14 ","VINKO ( Italy)","7579","H30903","1"
"7580","Погружной скважинный насос VINKO 3STM1.8/20 ","VINKO ( Italy)","7580","H30904","1"
"7581","Погружной скважинный насос VINKO 3STM1.8/27 ","VINKO ( Italy)","7581","H30905","1"
"7582","Погружной скважинный насос VINKO 3STM1.8/37 ","VINKO ( Italy)","7582","H30906","1"
"7583","Погружной скважинный насос VINKO 3STM1.8/47 ","VINKO ( Italy)","7583","H30907","1"
"7584","Погружной скважинный насос VINKO 3STM2.5/5 ","VINKO ( Italy)","7584","H30908","1"
"7585","Погружной скважинный насос VINKO 3STM2.5/7 ","VINKO ( Italy)","7585","H30909","1"
"7586","Погружной скважинный насос VINKO 3STM2.5/15 ","VINKO ( Italy)","7586","H30910","1"
"7587","Погружной скважинный насос VINKO 3STM2.5/20 ","VINKO ( Italy)","7587","H30911","1"
"7588","Погружной скважинный насос VINKO 3STM2.5/28","VINKO ( Italy)","7588","H30912","1"
"7589","Погружной скважинный насос VINKO 3STM2.5/36 ","VINKO ( Italy)","7589","H30913","1"
"7590","Погружной скважинный насос VINKO 3STM2.5/10","VINKO ( Italy)","7590","H30914","1"
"7591","Погружной скважинный насос VINKO 3STM4/7","VINKO ( Italy)","7591","H30915","1"
"7592","Погружной скважинный насос VINKO 3STM4/9","VINKO ( Italy)","7592","H30916","1"
"7593","Погружной скважинный насос VINKO 3STM4/14","VINKO ( Italy)","7593","H30917","1"
"7594","Погружной скважинный насос VINKO 3STM4/19","VINKO ( Italy)","7594","H30918","1"
"7595","Погружной скважинный насос VINKO 3STM4/26","VINKO ( Italy)","7595","H30919","1"
"7596","Погружной скважинный насос VINKO 3STM4/35","VINKO ( Italy)","7596","H30920","1"
"7597","Погружной скважинный насос VINKO 3STM5/4","VINKO ( Italy)","7597","H30921","1"
"7598","Погружной скважинный насос VINKO 3STM5/7","VINKO ( Italy)","7598","H30922","1"
"7599","Погружной скважинный насос VINKO 3STM5/9","VINKO ( Italy)","7599","H30923","1"
"7600","Погружной скважинный насос VINKO 3STM5/13","VINKO ( Italy)","7600","H30924","1"
"7601","Погружной скважинный насос VINKO 3STM5/19","VINKO ( Italy)","7601","H30925","1"
"7602","Погружной скважинный насос VINKO 3STM5/26","VINKO ( Italy)","7602","H30926","1"
"7603","Погружной скважинный насос VINKO 6ST18/11","VINKO ( Italy)","7603","H40100","1"
"7604","Погружной скважинный насос VINKO 6ST18/13 ","VINKO ( Italy)","7604","H40101","1"
"7605","Погружной скважинный насос VINKO 6ST18/15 ","VINKO ( Italy)","7605","H40102","1"
"7606","Погружной скважинный насос VINKO 6ST18/18 ","VINKO ( Italy)","7606","H40103","1"
"7607","Погружной скважинный насос VINKO 6ST18/26 ","VINKO ( Italy)","7607","H40104","1"
"7608","Погружной скважинный насос VINKO 6ST18/30","VINKO ( Italy)","7608","H40105","1"
"7609","Погружной скважинный насос VINKO 6ST18/7","VINKO ( Italy)","7609","H40106","1"
"7610","Погружной скважинный насос VINKO 6ST18/22","VINKO ( Italy)","7610","H40107","1"
"7611","Погружной скважинный насос VINKO 6ST18/9","VINKO ( Italy)","7611","H40108","1"
"7612","Погружной скважинный насос VINKO 6ST30/13 ","VINKO ( Italy)","7612","H40109","1"
"7613","Погружной скважинный насос VINKO 6ST30/15","VINKO ( Italy)","7613","H40111","1"
"7614","Погружной скважинный насос VINKO 6ST30/18 ","VINKO ( Italy)","7614","H40112","1"
"7615","Погружной скважинный насос VINKO 6ST30/21 ","VINKO ( Italy)","7615","H40113","1"
"7616","Погружной скважинный насос VINKO 6ST30/24 ","VINKO ( Italy)","7616","H40114","1"
"7617","Погружной скважинный насос VINKO 6ST30/5","VINKO ( Italy)","7617","H40115","1"
"7618","Погружной скважинный насос VINKO 6ST30/7","VINKO ( Italy)","7618","H40116","1"
"7619","Погружной скважинный насос VINKO 6ST30/9","VINKO ( Italy)","7619","H40117","1"
"7620","Погружной скважинный насос VINKO 6ST45/12","VINKO ( Italy)","7620","H40118","1"
"7621","Погружной скважинный насос VINKO 6ST45/14","VINKO ( Italy)","7621","H40119","1"
"7622","Погружной скважинный насос VINKO 6ST45/4","VINKO ( Italy)","7622","H40120","1"
"7623","Погружной скважинный насос VINKO 6ST45/5","VINKO ( Italy)","7623","H40121","1"
"7624","Погружной скважинный насос VINKO 6ST45/6","VINKO ( Italy)","7624","H40122","1"
"7625","Погружной скважинный насос VINKO 6ST45/7","VINKO ( Italy)","7625","H40123","1"
"7626","Погружной скважинный насос VINKO 6ST45/8","VINKO ( Italy)","7626","H40124","1"
"7627","Погружной скважинный насос VINKO 6ST45/9","VINKO ( Italy)","7627","H40125","1"
