source_name,source_base_url,source_page_url,source_product_url,source_card_id,source_title,source_model,source_max_head_label,source_max_head,normalized_max_head_m,source_max_flow_label,source_max_flow,normalized_max_flow_l_min,source_voltage_label,source_voltage,normalized_voltage,source_power_label,source_power,normalized_power_kw,source_diameter_evidence,normalized_diameter_mm,diameter_evidence_type,record_status,review_reason,product_id,product_name,match_status,evidence
Vinko,https://nasosymarket.ru/catalog/vinko/,https://nasosymarket.ru/catalog/vinko/,https://nasosymarket.ru/catalog/vodyanye_nasosy/nasos_pogruzhnoy_skvazhinnyy_vinko_3stm_1_8_20_/,bx_40480796_45361_52eccb44ded0bb34f72b273e9a62ef02,Насос погружной скважинный Vinko 3STm 1.8/20,3STm 1.8/20,Макс. напор:,84 м,84,Макс. производ:,2.71 м³/ч,45,Напряжение:,220 В,220,Макс. мощность:,0.55 кВт,0.55,3STm,,series_size,needs_review,series_diameter_only,7580,Погружной скважинный насос VINKO 3STM1.8/20 ,matched,model_exact; unique_active_product
Vinko,https://nasosymarket.ru/catalog/vinko/,https://nasosymarket.ru/catalog/vinko/,https://nasosymarket.ru/catalog/vodyanye_nasosy/nasos_pogruzhnoy_skvazhinnyy_vinko_3stm_1_8_27/,bx_40480796_45362_d0a71590b973eacbff1119c73534decd,Насос погружной скважинный Vinko 3STm 1.8/27,3STm 1.8/27,Макс. напор:,113 м,113,Макс. производ:,2.71 м³/ч,45,Напряжение:,220 В,220,Макс. мощность:,0.75 кВт,0.75,3STm,,series_size,needs_review,series_diameter_only,7581,Погружной скважинный насос VINKO 3STM1.8/27 ,matched,model_exact; unique_active_product
Vinko,https://nasosymarket.ru/catalog/vinko/,https://nasosymarket.ru/catalog/vinko/,https://nasosymarket.ru/catalog/vodyanye_nasosy/nasos_pogruzhnoy_skvazhinnyy_vinko_3stm_1_8_37/,bx_40480796_45363_405fa73eaca4835adf3c57f863defee8,Насос погружной скважинный Vinko 3STm 1.8/37,3STm 1.8/37,Макс. напор:,154 м,154,Макс. производ:,2.71 м³/ч,45,Напряжение:,220 В,220,Макс. мощность:,1.1 кВт,1.1,3STm,,series_size,needs_review,series_diameter_only,7582,Погружной скважинный насос VINKO 3STM1.8/37 ,matched,model_exact; unique_active_product
Vinko,https://nasosymarket.ru/catalog/vinko/,https://nasosymarket.ru/catalog/vinko/,https://nasosymarket.ru/catalog/vodyanye_nasosy/nasos_pogruzhnoy_skvazhinnyy_vinko_3stm_1_8_47/,bx_40480796_45364_bcdd4f2daf1f375f7393bdaabb43c42c,Насос погружной скважинный Vinko 3STm 1.8/47,3STm 1.8/47,Макс. напор:,196 м,196,Макс. производ:,2.71 м³/ч,45,Напряжение:,220 В,220,Макс. мощность:,1.1 кВт,1.1,3STm,,series_size,needs_review,series_diameter_only,7583,Погружной скважинный насос VINKO 3STM1.8/47 ,matched,model_exact; unique_active_product
Vinko,https://nasosymarket.ru/catalog/vinko/,https://nasosymarket.ru/catalog/vinko/,https://nasosymarket.ru/catalog/vodyanye_nasosy/nasos_pogruzhnoy_skvazhinnyy_vinko_3stm_2_5_20/,bx_40480796_45365_cb72134bda597e13adfc49a01db10c36,Насос погружной скважинный Vinko 3STm 2.5/20,3STm 2.5/20,Макс. напор:,87 м,87,Макс. производ:,3.61 м³/ч,60,Напряжение:,220 В,220,Макс. мощность:,0.75 кВт,0.75,3STm,,series_size,needs_review,series_diameter_only,7587,Погружной скважинный насос VINKO 3STM2.5/20 ,matched,model_exact; unique_active_product
Vinko,https://nasosymarket.ru/catalog/vinko/,https://nasosymarket.ru/catalog/vinko/,https://nasosymarket.ru/catalog/vodyanye_nasosy/nasos_pogruzhnoy_skvazhinnyy_vinko_3stm_2_5_28/,bx_40480796_45366_2d557ec58433dd4c903e3a05b652ad3b,Насос погружной скважинный Vinko 3STm 2.5/28,3STm 2.5/28,Макс. напор:,122 м,122,Макс. производ:,3.61 м³/ч,60,Напряжение:,220 В,220,Макс. мощность:,1.1 кВт,1.1,3STm,,series_size,needs_review,series_diameter_only,7588,Погружной скважинный насос VINKO 3STM2.5/28,matched,model_exact; unique_active_product
Vinko,https://nasosymarket.ru/catalog/vinko/,https://nasosymarket.ru/catalog/vinko/,https://nasosymarket.ru/catalog/vodyanye_nasosy/nasos_pogruzhnoy_skvazhinnyy_vinko_3stm_2_5_36/,bx_40480796_45367_4d476843507a14967898846b3d9dcc46,Насос погружной скважинный Vinko 3STm 2.5/36,3STm 2.5/36,Макс. напор:,156 м,156,Макс. производ:,3.61 м³/ч,60,Напряжение:,220 В,220,Макс. мощность:,1.1 кВт,1.1,3STm,,series_size,needs_review,series_diameter_only,7589,Погружной скважинный насос VINKO 3STM2.5/36 ,matched,model_exact; unique_active_product
Vinko,https://nasosymarket.ru/catalog/vinko/,https://nasosymarket.ru/catalog/vinko/,https://nasosymarket.ru/catalog/vodyanye_nasosy/nasos_pogruzhnoy_skvazhinnyy_vinko_3stm_4_19/,bx_40480796_45368_cdd13bd5ae7b0c257424b2a019fe9c7f,Насос погружной скважинный Vinko 3STm 4/19,3STm 4/19,Макс. напор:,65 м,65,Макс. производ:,4.82 м³/ч,80,Напряжение:,220 В,220,Макс. мощность:,0.75 кВт,0.75,3STm,,series_size,needs_review,series_diameter_only,7594,Погружной скважинный насос VINKO 3STM4/19,matched,model_exact; unique_active_product
Vinko,https://nasosymarket.ru/catalog/vinko/,https://nasosymarket.ru/catalog/vinko/,https://nasosymarket.ru/catalog/vodyanye_nasosy/nasos_pogruzhnoy_skvazhinnyy_vinko_3stm_4_26/,bx_40480796_45369_7336ecc1cc9fc29bbd635a38db819ae7,Насос погружной скважинный Vinko 3STm 4/26,3STm 4/26,Макс. напор:,88 м,88,Макс. производ:,4.82 м³/ч,80,Напряжение:,220 В,220,Макс. мощность:,1.1 кВт,1.1,3STm,,series_size,needs_review,series_diameter_only,7595,Погружной скважинный насос VINKO 3STM4/26,matched,model_exact; unique_active_product
Vinko,https://nasosymarket.ru/catalog/vinko/,https://nasosymarket.ru/catalog/vinko/,https://nasosymarket.ru/catalog/vodyanye_nasosy/nasos_pogruzhnoy_skvazhinnyy_vinko_3stm_4_35/,bx_40480796_45370_17b16917a6b5115092ad464bbbd08140,Насос погружной скважинный Vinko 3STm 4/35,3STm 4/35,Макс. напор:,119 м,119,Макс. производ:,4.82 м³/ч,80,Напряжение:,220 В,220,Макс. мощность:,1.5 кВт,1.5,3STm,,series_size,needs_review,series_diameter_only,7596,Погружной скважинный насос VINKO 3STM4/35,matched,model_exact; unique_active_product
Vinko,https://nasosymarket.ru/catalog/vinko/,https://nasosymarket.ru/catalog/vinko/,https://nasosymarket.ru/catalog/vodyanye_nasosy/nasos_pogruzhnoy_skvazhinnyy_vinko_3stm_5_19/,bx_40480796_45371_f342bcc33e6b8f41085bb8fa088a5e19,Насос погружной скважинный Vinko 3STm 5/19,3STm 5/19,Макс. напор:,68 м,68,Макс. производ:,6.02 м³/ч,100,Напряжение:,220 В,220,Макс. мощность:,1.1 кВт,1.1,3STm,,series_size,needs_review,series_diameter_only,7601,Погружной скважинный насос VINKO 3STM5/19,matched,model_exact; unique_active_product
Vinko,https://nasosymarket.ru/catalog/vinko/,https://nasosymarket.ru/catalog/vinko/,https://nasosymarket.ru/catalog/vodyanye_nasosy/nasos_pogruzhnoy_skvazhinnyy_vinko_3stm_5_26/,bx_40480796_45372_ceff6ff2fb7e75cfd3194733fb4b61ca,Насос погружной скважинный Vinko 3STm 5/26,3STm 5/26,Макс. напор:,94 м,94,Макс. производ:,6.02 м³/ч,100,Напряжение:,220 В,220,Макс. мощность:,1.5 кВт,1.5,3STm,,series_size,needs_review,series_diameter_only,7602,Погружной скважинный насос VINKO 3STM5/26,matched,model_exact; unique_active_product
Vinko,https://nasosymarket.ru/catalog/vinko/,https://nasosymarket.ru/catalog/vinko/?PAGEN_1=5,https://nasosymarket.ru/catalog/vodyanye_nasosy/nasos_pogruzhnoy_skvazhinnyy_vinko_4st_10_10_380v/,bx_40480796_45292_ceff6ff2fb7e75cfd3194733fb4b61ca,Насос погружной скважинный Vinko 4ST 10/10 (380в),4ST 10/10 (380в),Макс. напор:,56 м,56,Макс. производ:,14.46 м³/ч,241,Напряжение:,380 В,380,Макс. мощность:,1.5 кВт,1.5,4ST,,series_size,needs_review,series_diameter_only,1991,Погружной скважинный насос VINKO 4ST10/10,matched,model_exact; unique_active_product
Vinko,https://nasosymarket.ru/catalog/vinko/,https://nasosymarket.ru/catalog/vinko/?PAGEN_1=6,https://nasosymarket.ru/catalog/vodyanye_nasosy/nasos_pogruzhnoy_skvazhinnyy_vinko_4st_10_14_380v/,bx_40480796_45294_ceff6ff2fb7e75cfd3194733fb4b61ca,Насос погружной скважинный Vinko 4ST 10/14 (380в),4ST 10/14 (380в),Макс. напор:,78 м,78,Макс. производ:,14.46 м³/ч,241,Напряжение:,380 В,380,Макс. мощность:,2.2 кВт,2.2,4ST,,series_size,needs_review,series_diameter_only,1992,Погружной скважинный насос VINKO 4ST10/14,matched,model_exact; unique_active_product
Vinko,https://nasosymarket.ru/catalog/vinko/,https://nasosymarket.ru/catalog/vinko/?PAGEN_1=7,https://nasosymarket.ru/catalog/vodyanye_nasosy/nasos_pogruzhnoy_skvazhinnyy_vinko_4st_10_18_380v/,bx_40480796_45296_7336ecc1cc9fc29bbd635a38db819ae7,Насос погружной скважинный Vinko 4ST 10/18 (380в),4ST 10/18 (380в),Макс. напор:,100 м,100,Макс. производ:,14.46 м³/ч,241,Напряжение:,380 В,380,Макс. мощность:,3 кВт,3,4ST,,series_size,needs_review,series_diameter_only,1993,Погружной скважинный насос VINKO 4ST10/18,matched,model_exact; unique_active_product
Vinko,https://nasosymarket.ru/catalog/vinko/,https://nasosymarket.ru/catalog/vinko/?PAGEN_1=7,https://nasosymarket.ru/catalog/vodyanye_nasosy/nasos_pogruzhnoy_skvazhinnyy_vinko_4st_10_24_380v/,bx_40480796_45298_bcdd4f2daf1f375f7393bdaabb43c42c,Насос погружной скважинный Vinko 4ST 10/24 (380в),4ST 10/24 (380в),Макс. напор:,134 м,134,Макс. производ:,14.46 м³/ч,241,Напряжение:,380 В,380,Макс. мощность:,4 кВт,4,4ST,,series_size,needs_review,series_diameter_only,1994,Погружной скважинный насос VINKO 4ST10/24,matched,model_exact; unique_active_product
Vinko,https://nasosymarket.ru/catalog/vinko/,https://nasosymarket.ru/catalog/vinko/?PAGEN_1=8,https://nasosymarket.ru/catalog/vodyanye_nasosy/nasos_pogruzhnoy_skvazhinnyy_vinko_4st_10_32_380v/,bx_40480796_45300_405fa73eaca4835adf3c57f863defee8,Насос погружной скважинный Vinko 4ST 10/32 (380в),4ST 10/32 (380в),Макс. напор:,179 м,179,Макс. производ:,14.46 м³/ч,241,Напряжение:,380 В,380,Макс. мощность:,5.5 кВт,5.5,4ST,,series_size,needs_review,series_diameter_only,1995,Погружной скважинный насос VINKO 4ST10/32,matched,model_exact; unique_active_product
Vinko,https://nasosymarket.ru/catalog/vinko/,https://nasosymarket.ru/catalog/vinko/?PAGEN_1=4,https://nasosymarket.ru/catalog/vodyanye_nasosy/nasos_pogruzhnoy_skvazhinnyy_vinko_4st_10_7_380v/,bx_40480796_45290_2d557ec58433dd4c903e3a05b652ad3b,Насос погружной скважинный Vinko 4ST 10/7 (380в),4ST 10/7 (380в),Макс. напор:,39 м,39,Макс. производ:,14.46 м³/ч,241,Напряжение:,380 В,380,Макс. мощность:,1.1 кВт,1.1,4ST,,series_size,needs_review,series_diameter_only,1990,Погружной скважинный насос VINKO 4ST10/7,matched,model_exact; unique_active_product
Vinko,https://nasosymarket.ru/catalog/vinko/,https://nasosymarket.ru/catalog/vinko/?PAGEN_1=5,https://nasosymarket.ru/catalog/vodyanye_nasosy/nasos_pogruzhnoy_skvazhinnyy_vinko_4st_12_10_380v/,bx_40480796_45283_cdd13bd5ae7b0c257424b2a019fe9c7f,Насос погружной скважинный Vinko 4ST 12/10 (380в),4ST 12/10 (380в),Макс. напор:,61 м,61,Макс. производ:,16.27 м³/ч,271,Напряжение:,380 В,380,Макс. мощность:,2.2 кВт,2.2,4ST,,series_size,needs_review,series_diameter_only,2000,Погружной скважинный насос VINKO 4ST12/10,matched,model_exact; unique_active_product
Vinko,https://nasosymarket.ru/catalog/vinko/,https://nasosymarket.ru/catalog/vinko/?PAGEN_1=7,https://nasosymarket.ru/catalog/vodyanye_nasosy/nasos_pogruzhnoy_skvazhinnyy_vinko_4st_12_14_380v/,bx_40480796_45285_f342bcc33e6b8f41085bb8fa088a5e19,Насос погружной скважинный Vinko 4ST 12/14 (380в),4ST 12/14 (380в),Макс. напор:,85 м,85,Макс. производ:,16.27 м³/ч,271,Напряжение:,380 В,380,Макс. мощность:,3 кВт,3,4ST,,series_size,needs_review,series_diameter_only,2001,Погружной скважинный насос VINKO 4ST12/14,matched,model_exact; unique_active_product
Vinko,https://nasosymarket.ru/catalog/vinko/,https://nasosymarket.ru/catalog/vinko/?PAGEN_1=8,https://nasosymarket.ru/catalog/vodyanye_nasosy/nasos_pogruzhnoy_skvazhinnyy_vinko_4st_12_19_380v/,bx_40480796_45287_d0a71590b973eacbff1119c73534decd,Насос погружной скважинный Vinko 4ST 12/19 (380в),4ST 12/19 (380в),Макс. напор:,115 м,115,Макс. производ:,16.27 м³/ч,271,Напряжение:,380 В,380,Макс. мощность:,4 кВт,4,4ST,,series_size,needs_review,series_diameter_only,2002,Погружной скважинный насос VINKO 4ST12/19,matched,model_exact; unique_active_product
Vinko,https://nasosymarket.ru/catalog/vinko/,https://nasosymarket.ru/catalog/vinko/?PAGEN_1=2,https://nasosymarket.ru/catalog/vodyanye_nasosy/nasos_pogruzhnoy_skvazhinnyy_vinko_4st_12_26_380v/,bx_40480796_45289_7336ecc1cc9fc29bbd635a38db819ae7,Насос погружной скважинный Vinko 4ST 12/26 (380в),4ST 12/26 (380в),Макс. напор:,158 м,158,Макс. производ:,16.27 м³/ч,271,Напряжение:,380 В,380,Макс. мощность:,5.5 кВт,5.5,4ST,,series_size,needs_review,series_diameter_only,2003,Погружной скважинный насос VINKO 4ST12/26,matched,model_exact; unique_active_product
Vinko,https://nasosymarket.ru/catalog/vinko/,https://nasosymarket.ru/catalog/vinko/?PAGEN_1=5,https://nasosymarket.ru/catalog/vodyanye_nasosy/nasos_pogruzhnoy_skvazhinnyy_vinko_4st_12_7_380v/,bx_40480796_45281_cb72134bda597e13adfc49a01db10c36,Насос погружной скважинный Vinko 4ST 12/7 (380в),4ST 12/7 (380в),Макс. напор:,42 м,42,Макс. производ:,16.27 м³/ч,271,Напряжение:,380 В,380,Макс. мощность:,1.5 кВт,1.5,4ST,,series_size,needs_review,series_diameter_only,1999,Погружной скважинный насос VINKO 4ST12/7 (380V),matched,model_exact; unique_active_product
Vinko,https://nasosymarket.ru/catalog/vinko/,https://nasosymarket.ru/catalog/vinko/?PAGEN_1=4,https://nasosymarket.ru/catalog/vodyanye_nasosy/nasos_pogruzhnoy_skvazhinnyy_vinko_4st_2_10_380v/,bx_40480796_45229_52eccb44ded0bb34f72b273e9a62ef02,Насос погружной скважинный Vinko 4ST 2/10 (380в),4ST 2/10 (380в),Макс. напор:,65 м,65,Макс. производ:,3.61 м³/ч,60,Напряжение:,380 В,380,Макс. мощность:,0.55 кВт,0.55,4ST,,series_size,needs_review,series_diameter_only,1942,Погружной скважинный насос VINKO 4ST2/10,matched,model_exact; unique_active_product
Vinko,https://nasosymarket.ru/catalog/vinko/,https://nasosymarket.ru/catalog/vinko/?PAGEN_1=4,https://nasosymarket.ru/catalog/vodyanye_nasosy/nasos_pogruzhnoy_skvazhinnyy_vinko_4st_2_14_380v/,bx_40480796_45231_ceff6ff2fb7e75cfd3194733fb4b61ca,Насос погружной скважинный Vinko 4ST 2/14 (380в),4ST 2/14 (380в),Макс. напор:,91 м,91,Макс. производ:,3.61 м³/ч,60,Напряжение:,380 В,380,Макс. мощность:,0.75 кВт,0.75,4ST,,series_size,needs_review,series_diameter_only,1943,Погружной скважинный насос VINKO 4ST2/14,matched,model_exact; unique_active_product
Vinko,https://nasosymarket.ru/catalog/vinko/,https://nasosymarket.ru/catalog/vinko/?PAGEN_1=6,https://nasosymarket.ru/catalog/vodyanye_nasosy/nasos_pogruzhnoy_skvazhinnyy_vinko_4st_2_20_380v/,bx_40480796_45234_f342bcc33e6b8f41085bb8fa088a5e19,Насос погружной скважинный Vinko 4ST 2/20 (380в),4ST 2/20 (380в),Макс. напор:,130 м,130,Макс. производ:,3.61 м³/ч,60,Напряжение:,380 В,380,Макс. мощность:,1.1 кВт,1.1,4ST,,series_size,needs_review,series_diameter_only,1944,Погружной скважинный насос  VINKO 4ST2/20,matched,model_exact; unique_active_product
Vinko,https://nasosymarket.ru/catalog/vinko/,https://nasosymarket.ru/catalog/vinko/?PAGEN_1=6,https://nasosymarket.ru/catalog/vodyanye_nasosy/nasos_pogruzhnoy_skvazhinnyy_vinko_4st_2_28_380v/,bx_40480796_45236_405fa73eaca4835adf3c57f863defee8,Насос погружной скважинный Vinko 4ST 2/28 (380в),4ST 2/28 (380в),Макс. напор:,182 м,182,Макс. производ:,3.61 м³/ч,60,Напряжение:,380 В,380,Макс. мощность:,1.5 кВт,1.5,4ST,,series_size,needs_review,series_diameter_only,1945,Погружной скважинный насос VINKO 4ST2/28,matched,model_exact; unique_active_product
Vinko,https://nasosymarket.ru/catalog/vinko/,https://nasosymarket.ru/catalog/vinko/?PAGEN_1=7,https://nasosymarket.ru/catalog/vodyanye_nasosy/nasos_pogruzhnoy_skvazhinnyy_vinko_4st_2_40_380v/,bx_40480796_45237_52eccb44ded0bb34f72b273e9a62ef02,Насос погружной скважинный Vinko 4ST 2/40 (380в),4ST 2/40 (380в),Макс. напор:,260 м,260,Макс. производ:,3.61 м³/ч,60,Напряжение:,380 В,380,Макс. мощность:,2.2 кВт,2.2,4ST,,series_size,needs_review,series_diameter_only,1946,Погружной скважинный насос VINKO 4ST2/40,matched,model_exact; unique_active_product
Vinko,https://nasosymarket.ru/catalog/vinko/,https://nasosymarket.ru/catalog/vinko/?PAGEN_1=3,https://nasosymarket.ru/catalog/vodyanye_nasosy/nasos_pogruzhnoy_skvazhinnyy_vinko_4st_2_7_380v/,bx_40480796_45227_cb72134bda597e13adfc49a01db10c36,Насос погружной скважинный Vinko 4ST 2/7 (380в),4ST 2/7 (380в),Макс. напор:,46 м,46,Макс. производ:,3.61 м³/ч,60,Напряжение:,380 В,380,Макс. мощность:,0.37 кВт,0.37,4ST,,series_size,needs_review,series_diameter_only,1941,Погружной скважинный насос VINKO 4ST2/7,matched,model_exact; unique_active_product
Vinko,https://nasosymarket.ru/catalog/vinko/,https://nasosymarket.ru/catalog/vinko/?PAGEN_1=5,https://nasosymarket.ru/catalog/vodyanye_nasosy/nasos_pogruzhnoy_skvazhinnyy_vinko_4st_4_14_380v/,bx_40480796_45245_17b16917a6b5115092ad464bbbd08140,Насос погружной скважинный Vinko 4ST 4/14 (380в),4ST 4/14 (380в),Макс. напор:,90 м,90,Макс. производ:,6.02 м³/ч,100,Напряжение:,380 В,380,Макс. мощность:,1.1 кВт,1.1,4ST,,series_size,needs_review,series_diameter_only,1958,Погружной скважинный насос  VINKO 4ST4/14,matched,model_exact; unique_active_product
Vinko,https://nasosymarket.ru/catalog/vinko/,https://nasosymarket.ru/catalog/vinko/?PAGEN_1=7,https://nasosymarket.ru/catalog/vodyanye_nasosy/nasos_pogruzhnoy_skvazhinnyy_vinko_4st_4_18_380v/,bx_40480796_45247_d0a71590b973eacbff1119c73534decd,Насос погружной скважинный Vinko 4ST 4/18 (380в),4ST 4/18 (380в),Макс. напор:,115 м,115,Макс. производ:,6.02 м³/ч,100,Напряжение:,380 В,380,Макс. мощность:,1.5 кВт,1.5,4ST,,series_size,needs_review,series_diameter_only,1959,Погружной скважинный насос VINKO 4ST4/18,matched,model_exact; unique_active_product
Vinko,https://nasosymarket.ru/catalog/vinko/,https://nasosymarket.ru/catalog/vinko/?PAGEN_1=7,https://nasosymarket.ru/catalog/vodyanye_nasosy/nasos_pogruzhnoy_skvazhinnyy_vinko_4st_4_27_380v/,bx_40480796_45249_405fa73eaca4835adf3c57f863defee8,Насос погружной скважинный Vinko 4ST 4/27 (380в),4ST 4/27 (380в),Макс. напор:,173 м,173,Макс. производ:,6.02 м³/ч,100,Напряжение:,380 В,380,Макс. мощность:,2.2 кВт,2.2,4ST,,series_size,needs_review,series_diameter_only,1960,Погружной скважинный насос VINKO 4ST4/27,matched,model_exact; unique_active_product
Vinko,https://nasosymarket.ru/catalog/vinko/,https://nasosymarket.ru/catalog/vinko/?PAGEN_1=7,https://nasosymarket.ru/catalog/vodyanye_nasosy/nasos_pogruzhnoy_skvazhinnyy_vinko_4st_4_35_380v/,bx_40480796_45251_4d476843507a14967898846b3d9dcc46,Насос погружной скважинный Vinko 4ST 4/35 (380в),4ST 4/35 (380в),Макс. напор:,225 м,225,Макс. производ:,6.02 м³/ч,100,Напряжение:,380 В,380,Макс. мощность:,3 кВт,3,4ST,,series_size,needs_review,series_diameter_only,1961,Погружной скважинный насос VINKO 4ST4/35,matched,model_exact; unique_active_product
Vinko,https://nasosymarket.ru/catalog/vinko/,https://nasosymarket.ru/catalog/vinko/?PAGEN_1=8,https://nasosymarket.ru/catalog/vodyanye_nasosy/nasos_pogruzhnoy_skvazhinnyy_vinko_4st_4_48_380v/,bx_40480796_45253_f342bcc33e6b8f41085bb8fa088a5e19,Насос погружной скважинный Vinko 4ST 4/48 (380в),4ST 4/48 (380в),Макс. напор:,308 м,308,Макс. производ:,6.02 м³/ч,100,Напряжение:,380 В,380,Макс. мощность:,4 кВт,4,4ST,,series_size,needs_review,series_diameter_only,1962,Погружной скважинный насос VINKO 4 ST  4/48,matched,model_exact; unique_active_product
Vinko,https://nasosymarket.ru/catalog/vinko/,https://nasosymarket.ru/catalog/vinko/?PAGEN_1=3,https://nasosymarket.ru/catalog/vodyanye_nasosy/nasos_pogruzhnoy_skvazhinnyy_vinko_4st_4_5_380v/,bx_40480796_45239_2d557ec58433dd4c903e3a05b652ad3b,Насос погружной скважинный Vinko 4ST 4/5 (380в),4ST 4/5 (380в),Макс. напор:,32 м,32,Макс. производ:,6.02 м³/ч,100,Напряжение:,380 В,380,Макс. мощность:,0.37 кВт,0.37,4ST,,series_size,needs_review,series_diameter_only,,,ambiguous,"multiple_active_candidates:1947,1955"
Vinko,https://nasosymarket.ru/catalog/vinko/,https://nasosymarket.ru/catalog/vinko/?PAGEN_1=4,https://nasosymarket.ru/catalog/vodyanye_nasosy/nasos_pogruzhnoy_skvazhinnyy_vinko_4st_4_7_380v/,bx_40480796_45241_cdd13bd5ae7b0c257424b2a019fe9c7f,Насос погружной скважинный Vinko 4ST 4/7 (380в),4ST 4/7 (380в),Макс. напор:,45 м,45,Макс. производ:,6.02 м³/ч,100,Напряжение:,380 В,380,Макс. мощность:,0.55 кВт,0.55,4ST,,series_size,needs_review,series_diameter_only,1956,Погружной скважинный насос VINKO 4ST4/7,matched,model_exact; unique_active_product
Vinko,https://nasosymarket.ru/catalog/vinko/,https://nasosymarket.ru/catalog/vinko/?PAGEN_1=5,https://nasosymarket.ru/catalog/vodyanye_nasosy/nasos_pogruzhnoy_skvazhinnyy_vinko_4st_4_9_380v/,bx_40480796_45242_52eccb44ded0bb34f72b273e9a62ef02,Насос погружной скважинный Vinko 4ST 4/9 (380в),4ST 4/9 (380в),Макс. напор:,57 м,57,Макс. производ:,6.02 м³/ч,100,Напряжение:,380 В,380,Макс. мощность:,0.75 кВт,0.75,4ST,,series_size,needs_review,series_diameter_only,1957,Погружной скважинный насос VINKO 4ST4/9,matched,model_exact; unique_active_product
Vinko,https://nasosymarket.ru/catalog/vinko/,https://nasosymarket.ru/catalog/vinko/?PAGEN_1=5,https://nasosymarket.ru/catalog/vodyanye_nasosy/nasos_pogruzhnoy_skvazhinnyy_vinko_4st_6_10_380v/,bx_40480796_45270_2d557ec58433dd4c903e3a05b652ad3b,Насос погружной скважинный Vinko 4ST 6/10 (380в),4ST 6/10 (380в),Макс. напор:,60 м,60,Макс. производ:,9.64 м³/ч,161,Напряжение:,380 В,380,Макс. мощность:,1.1 кВт,1.1,4ST,,series_size,needs_review,series_diameter_only,,,unmatched,no_active_product_in_category_11900213
Vinko,https://nasosymarket.ru/catalog/vinko/,https://nasosymarket.ru/catalog/vinko/?PAGEN_1=6,https://nasosymarket.ru/catalog/vodyanye_nasosy/nasos_pogruzhnoy_skvazhinnyy_vinko_4st_6_14_380v/,bx_40480796_45272_52eccb44ded0bb34f72b273e9a62ef02,Насос погружной скважинный Vinko 4ST 6/14 (380в),4ST 6/14 (380в),Макс. напор:,84 м,84,Макс. производ:,9.64 м³/ч,161,Напряжение:,380 В,380,Макс. мощность:,1.5 кВт,1.5,4ST,,series_size,needs_review,series_diameter_only,1970,Погружной скважинный насос VINKO 4ST6/14  (380V),matched,model_exact; unique_active_product
Vinko,https://nasosymarket.ru/catalog/vinko/,https://nasosymarket.ru/catalog/vinko/?PAGEN_1=7,https://nasosymarket.ru/catalog/vodyanye_nasosy/nasos_pogruzhnoy_skvazhinnyy_vinko_4st_6_20_380v/,bx_40480796_45274_cb72134bda597e13adfc49a01db10c36,Насос погружной скважинный Vinko 4ST 6/20 (380в),4ST 6/20 (380в),Макс. напор:,120 м,120,Макс. производ:,9.64 м³/ч,161,Напряжение:,380 В,380,Макс. мощность:,2.2 кВт,2.2,4ST,,series_size,needs_review,series_diameter_only,1971,Погружной скважинный насос VINKO 4 ST 6/20 (380V),matched,model_exact; unique_active_product
Vinko,https://nasosymarket.ru/catalog/vinko/,https://nasosymarket.ru/catalog/vinko/?PAGEN_1=7,https://nasosymarket.ru/catalog/vodyanye_nasosy/nasos_pogruzhnoy_skvazhinnyy_vinko_4st_6_27_380v/,bx_40480796_45276_17b16917a6b5115092ad464bbbd08140,Насос погружной скважинный Vinko 4ST 6/27 (380в),4ST 6/27 (380в),Макс. напор:,162 м,162,Макс. производ:,9.64 м³/ч,161,Напряжение:,380 В,380,Макс. мощность:,3 кВт,3,4ST,,series_size,needs_review,series_diameter_only,1972,Погружной скважинный насос VINKO 4 ST 6/27 (380V),matched,model_exact; unique_active_product
Vinko,https://nasosymarket.ru/catalog/vinko/,https://nasosymarket.ru/catalog/vinko/?PAGEN_1=2,https://nasosymarket.ru/catalog/vodyanye_nasosy/nasos_pogruzhnoy_skvazhinnyy_vinko_4st_6_36_380v/,bx_40480796_45278_bcdd4f2daf1f375f7393bdaabb43c42c,Насос погружной скважинный Vinko 4ST 6/36 (380в),4ST 6/36 (380в),Макс. напор:,216 м,216,Макс. производ:,9.64 м³/ч,161,Напряжение:,380 В,380,Макс. мощность:,4 кВт,4,4ST,,series_size,needs_review,series_diameter_only,1973,Погружной скважинный насос VINKO 4ST6/36  (380V),matched,model_exact; unique_active_product
Vinko,https://nasosymarket.ru/catalog/vinko/,https://nasosymarket.ru/catalog/vinko/?PAGEN_1=8,https://nasosymarket.ru/catalog/vodyanye_nasosy/nasos_pogruzhnoy_skvazhinnyy_vinko_4st_6_49_380v/,bx_40480796_45280_2d557ec58433dd4c903e3a05b652ad3b,Насос погружной скважинный Vinko 4ST 6/49 (380в),4ST 6/49 (380в),Макс. напор:,294 м,294,Макс. производ:,9.64 м³/ч,161,Напряжение:,380 В,380,Макс. мощность:,5.5 кВт,5.5,4ST,,series_size,needs_review,series_diameter_only,1974,Погружной скважинный насос VINKO 4ST6/49  (380V),matched,model_exact; unique_active_product
Vinko,https://nasosymarket.ru/catalog/vinko/,https://nasosymarket.ru/catalog/vinko/?PAGEN_1=3,https://nasosymarket.ru/catalog/vodyanye_nasosy/nasos_pogruzhnoy_skvazhinnyy_vinko_4st_6_7_380v/,bx_40480796_45268_17b16917a6b5115092ad464bbbd08140,Насос погружной скважинный Vinko 4ST 6/7 (380в),4ST 6/7 (380в),Макс. напор:,42 м,42,Макс. производ:,9.64 м³/ч,161,Напряжение:,380 В,380,Макс. мощность:,0.75 кВт,0.75,4ST,,series_size,needs_review,series_diameter_only,,,unmatched,no_active_product_in_category_11900213
Vinko,https://nasosymarket.ru/catalog/vinko/,https://nasosymarket.ru/catalog/vinko/?PAGEN_1=6,https://nasosymarket.ru/catalog/vodyanye_nasosy/nasos_pogruzhnoy_skvazhinnyy_vinko_4st_8_13_380v/,bx_40480796_45261_cdd13bd5ae7b0c257424b2a019fe9c7f,Насос погружной скважинный Vinko 4ST 8/13 (380в),4ST 8/13 (380в),Макс. напор:,81 м,81,Макс. производ:,12.05 м³/ч,201,Напряжение:,380 В,380,Макс. мощность:,2.2 кВт,2.2,4ST,,series_size,needs_review,series_diameter_only,1982,Погружной скважинный насос VINKO 4ST8/13,matched,model_exact; unique_active_product
Vinko,https://nasosymarket.ru/catalog/vinko/,https://nasosymarket.ru/catalog/vinko/?PAGEN_1=6,https://nasosymarket.ru/catalog/vodyanye_nasosy/nasos_pogruzhnoy_skvazhinnyy_vinko_4st_8_17_380v/,bx_40480796_45263_17b16917a6b5115092ad464bbbd08140,Насос погружной скважинный Vinko 4ST 8/17 (380в),4ST 8/17 (380в),Макс. напор:,106 м,106,Макс. производ:,12.05 м³/ч,201,Напряжение:,380 В,380,Макс. мощность:,3 кВт,3,4ST,,series_size,needs_review,series_diameter_only,1983,Погружной скважинный насос VINKO 4ST8/17,matched,model_exact; unique_active_product
Vinko,https://nasosymarket.ru/catalog/vinko/,https://nasosymarket.ru/catalog/vinko/?PAGEN_1=7,https://nasosymarket.ru/catalog/vodyanye_nasosy/nasos_pogruzhnoy_skvazhinnyy_vinko_4st_8_23_380v/,bx_40480796_45265_ceff6ff2fb7e75cfd3194733fb4b61ca,Насос погружной скважинный Vinko 4ST 8/23 (380в),4ST 8/23 (380в),Макс. напор:,143 м,143,Макс. производ:,12.05 м³/ч,201,Напряжение:,380 В,380,Макс. мощность:,4 кВт,4,4ST,,series_size,needs_review,series_diameter_only,1984,Погружной скважинный насос VINKO 4ST8/23,matched,model_exact; unique_active_product
Vinko,https://nasosymarket.ru/catalog/vinko/,https://nasosymarket.ru/catalog/vinko/?PAGEN_1=8,https://nasosymarket.ru/catalog/vodyanye_nasosy/nasos_pogruzhnoy_skvazhinnyy_vinko_4st_8_32_380v/,bx_40480796_45267_cb72134bda597e13adfc49a01db10c36,Насос погружной скважинный Vinko 4ST 8/32 (380в),4ST 8/32 (380в),Макс. напор:,200 м,200,Макс. производ:,12.05 м³/ч,201,Напряжение:,380 В,380,Макс. мощность:,5.5 кВт,5.5,4ST,,series_size,needs_review,series_diameter_only,1985,Погружной скважинный насос VINKO 4ST8/32,matched,model_exact; unique_active_product
Vinko,https://nasosymarket.ru/catalog/vinko/,https://nasosymarket.ru/catalog/vinko/?PAGEN_1=3,https://nasosymarket.ru/catalog/vodyanye_nasosy/nasos_pogruzhnoy_skvazhinnyy_vinko_4st_8_4_380v/,bx_40480796_45255_ceff6ff2fb7e75cfd3194733fb4b61ca,Насос погружной скважинный Vinko 4ST 8/4 (380в),4ST 8/4 (380в),Макс. напор:,25 м,25,Макс. производ:,12.05 м³/ч,201,Напряжение:,380 В,380,Макс. мощность:,0.75 кВт,0.75,4ST,,series_size,needs_review,series_diameter_only,1979,Погружной скважинный насос VINKO 4ST8/4,matched,model_exact; unique_active_product
Vinko,https://nasosymarket.ru/catalog/vinko/,https://nasosymarket.ru/catalog/vinko/?PAGEN_1=4,https://nasosymarket.ru/catalog/vodyanye_nasosy/nasos_pogruzhnoy_skvazhinnyy_vinko_4st_8_6_380v/,bx_40480796_45257_cb72134bda597e13adfc49a01db10c36,Насос погружной скважинный Vinko 4ST 8/6 (380в),4ST 8/6 (380в),Макс. напор:,37 м,37,Макс. производ:,12.05 м³/ч,201,Напряжение:,380 В,380,Макс. мощность:,1.1 кВт,1.1,4ST,,series_size,needs_review,series_diameter_only,1980,Погружной скважинный насос VINKO 4ST8/6,matched,model_exact; unique_active_product
Vinko,https://nasosymarket.ru/catalog/vinko/,https://nasosymarket.ru/catalog/vinko/?PAGEN_1=4,https://nasosymarket.ru/catalog/vodyanye_nasosy/nasos_pogruzhnoy_skvazhinnyy_vinko_4st_8_8_380v/,bx_40480796_45259_17b16917a6b5115092ad464bbbd08140,Насос погружной скважинный Vinko 4ST 8/8 (380в),4ST 8/8 (380в),Макс. напор:,50 м,50,Макс. производ:,12.05 м³/ч,201,Напряжение:,380 В,380,Макс. мощность:,1.5 кВт,1.5,4ST,,series_size,needs_review,series_diameter_only,1981,Погружной скважинный насос VINKO 4ST8/8,matched,model_exact; unique_active_product
Vinko,https://nasosymarket.ru/catalog/vinko/,https://nasosymarket.ru/catalog/vinko/?PAGEN_1=5,https://nasosymarket.ru/catalog/vodyanye_nasosy/nasos_pogruzhnoy_skvazhinnyy_vinko_4stm_10_10/,bx_40480796_45293_bcdd4f2daf1f375f7393bdaabb43c42c,Насос погружной скважинный Vinko 4STm 10/10,4STm 10/10,Макс. напор:,56 м,56,Макс. производ:,14.46 м³/ч,241,Напряжение:,220 В,220,Макс. мощность:,1.5 кВт,1.5,4STm,,series_size,needs_review,series_diameter_only,1988,Погружной скважинный насос VINKO 4STM10/10,matched,model_exact; unique_active_product
Vinko,https://nasosymarket.ru/catalog/vinko/,https://nasosymarket.ru/catalog/vinko/?PAGEN_1=6,https://nasosymarket.ru/catalog/vodyanye_nasosy/nasos_pogruzhnoy_skvazhinnyy_vinko_4stm_10_14/,bx_40480796_45295_bcdd4f2daf1f375f7393bdaabb43c42c,Насос погружной скважинный Vinko 4STm 10/14,4STm 10/14,Макс. напор:,78 м,78,Макс. производ:,14.46 м³/ч,241,Напряжение:,220 В,220,Макс. мощность:,2.2 кВт,2.2,4STm,,series_size,needs_review,series_diameter_only,1989,Погружной скважинный насос VINKO 4STM10/14,matched,model_exact; unique_active_product
Vinko,https://nasosymarket.ru/catalog/vinko/,https://nasosymarket.ru/catalog/vinko/?PAGEN_1=7,https://nasosymarket.ru/catalog/vodyanye_nasosy/nasos_pogruzhnoy_skvazhinnyy_vinko_4stm_10_18/,bx_40480796_45297_2d557ec58433dd4c903e3a05b652ad3b,Насос погружной скважинный Vinko 4STm 10/18,4STm 10/18,Макс. напор:,100 м,100,Макс. производ:,14.46 м³/ч,241,Напряжение:,220 В,220,Макс. мощность:,3 кВт,3,4STm,,series_size,needs_review,series_diameter_only,,,unmatched,no_active_product_in_category_11900213
Vinko,https://nasosymarket.ru/catalog/vinko/,https://nasosymarket.ru/catalog/vinko/?PAGEN_1=2,https://nasosymarket.ru/catalog/vodyanye_nasosy/nasos_pogruzhnoy_skvazhinnyy_vinko_4stm_10_24/,bx_40480796_45299_cb72134bda597e13adfc49a01db10c36,Насос погружной скважинный Vinko 4STm 10/24,4STm 10/24,Макс. напор:,134 м,134,Макс. производ:,14.46 м³/ч,241,Напряжение:,220 В,220,Макс. мощность:,4 кВт,4,4STm,,series_size,needs_review,series_diameter_only,,,unmatched,no_active_product_in_category_11900213
Vinko,https://nasosymarket.ru/catalog/vinko/,https://nasosymarket.ru/catalog/vinko/?PAGEN_1=4,https://nasosymarket.ru/catalog/vodyanye_nasosy/nasos_pogruzhnoy_skvazhinnyy_vinko_4stm_10_7/,bx_40480796_45291_405fa73eaca4835adf3c57f863defee8,Насос погружной скважинный Vinko 4STm 10/7,4STm 10/7,Макс. напор:,39 м,39,Макс. производ:,14.46 м³/ч,241,Напряжение:,220 В,220,Макс. мощность:,1.1 кВт,1.1,4STm,,series_size,needs_review,series_diameter_only,1987,Погружной скважинный насос VINKO 4STM10/7,matched,model_exact; unique_active_product
Vinko,https://nasosymarket.ru/catalog/vinko/,https://nasosymarket.ru/catalog/vinko/?PAGEN_1=5,https://nasosymarket.ru/catalog/vodyanye_nasosy/nasos_pogruzhnoy_skvazhinnyy_vinko_4stm_12_10/,bx_40480796_45284_d0a71590b973eacbff1119c73534decd,Насос погружной скважинный Vinko 4STm 12/10,4STm 12/10,Макс. напор:,61 м,61,Макс. производ:,16.27 м³/ч,271,Напряжение:,220 В,220,Макс. мощность:,2.2 кВт,2.2,4STm,,series_size,needs_review,series_diameter_only,,,unmatched,no_active_product_in_category_11900213
Vinko,https://nasosymarket.ru/catalog/vinko/,https://nasosymarket.ru/catalog/vinko/?PAGEN_1=7,https://nasosymarket.ru/catalog/vodyanye_nasosy/nasos_pogruzhnoy_skvazhinnyy_vinko_4stm_12_14/,bx_40480796_45286_cdd13bd5ae7b0c257424b2a019fe9c7f,Насос погружной скважинный Vinko 4STm 12/14,4STm 12/14,Макс. напор:,85 м,85,Макс. производ:,16.27 м³/ч,271,Напряжение:,220 В,220,Макс. мощность:,3 кВт,3,4STm,,series_size,needs_review,series_diameter_only,,,unmatched,no_active_product_in_category_11900213
Vinko,https://nasosymarket.ru/catalog/vinko/,https://nasosymarket.ru/catalog/vinko/?PAGEN_1=8,https://nasosymarket.ru/catalog/vodyanye_nasosy/nasos_pogruzhnoy_skvazhinnyy_vinko_4stm_12_19/,bx_40480796_45288_52eccb44ded0bb34f72b273e9a62ef02,Насос погружной скважинный Vinko 4STm 12/19,4STm 12/19,Макс. напор:,115 м,115,Макс. производ:,16.27 м³/ч,271,Напряжение:,220 В,220,Макс. мощность:,4 кВт,4,4STm,,series_size,needs_review,series_diameter_only,,,unmatched,no_active_product_in_category_11900213
Vinko,https://nasosymarket.ru/catalog/vinko/,https://nasosymarket.ru/catalog/vinko/?PAGEN_1=5,https://nasosymarket.ru/catalog/vodyanye_nasosy/nasos_pogruzhnoy_skvazhinnyy_vinko_4stm_12_7/,bx_40480796_45282_f342bcc33e6b8f41085bb8fa088a5e19,Насос погружной скважинный Vinko 4STm 12/7,4STm 12/7,Макс. напор:,42 м,42,Макс. производ:,16.27 м³/ч,271,Напряжение:,220 В,220,Макс. мощность:,1.5 кВт,1.5,4STm,,series_size,needs_review,series_diameter_only,1997,Погружной скважинный насос VINKO 4STM 12/7,matched,model_exact; unique_active_product
Vinko,https://nasosymarket.ru/catalog/vinko/,https://nasosymarket.ru/catalog/vinko/?PAGEN_1=3,https://nasosymarket.ru/catalog/vodyanye_nasosy/nasos_pogruzhnoy_skvazhinnyy_vinko_4stm_2_10/,bx_40480796_45230_4d476843507a14967898846b3d9dcc46,Насос погружной скважинный Vinko 4STm 2/10,4STm 2/10,Макс. напор:,65 м,65,Макс. производ:,3.61 м³/ч,60,Напряжение:,220 В,220,Макс. мощность:,0.55 кВт,0.55,4STm,,series_size,needs_review,series_diameter_only,1936,Погружной скважинный насос VINKO 4STM2/10,matched,model_exact; unique_active_product
Vinko,https://nasosymarket.ru/catalog/vinko/,https://nasosymarket.ru/catalog/vinko/?PAGEN_1=4,https://nasosymarket.ru/catalog/vodyanye_nasosy/nasos_pogruzhnoy_skvazhinnyy_vinko_4stm_2_14/,bx_40480796_45232_bcdd4f2daf1f375f7393bdaabb43c42c,Насос погружной скважинный Vinko 4STm 2/14,4STm 2/14,Макс. напор:,91 м,91,Макс. производ:,3.61 м³/ч,60,Напряжение:,220 В,220,Макс. мощность:,0.75 кВт,0.75,4STm,,series_size,needs_review,series_diameter_only,1937,Погружной скважинный насос VINKO 4STM2/14,matched,model_exact; unique_active_product
Vinko,https://nasosymarket.ru/catalog/vinko/,https://nasosymarket.ru/catalog/vinko/?PAGEN_1=6,https://nasosymarket.ru/catalog/vodyanye_nasosy/nasos_pogruzhnoy_skvazhinnyy_vinko_4stm_2_20/,bx_40480796_45233_cb72134bda597e13adfc49a01db10c36,Насос погружной скважинный Vinko 4STm 2/20,4STm 2/20,Макс. напор:,130 м,130,Макс. производ:,3.61 м³/ч,60,Напряжение:,220 В,220,Макс. мощность:,1.1 кВт,1.1,4STm,,series_size,needs_review,series_diameter_only,1938,Погружной скважинный насос VINKO 4STM2/20,matched,model_exact; unique_active_product
Vinko,https://nasosymarket.ru/catalog/vinko/,https://nasosymarket.ru/catalog/vinko/?PAGEN_1=6,https://nasosymarket.ru/catalog/vodyanye_nasosy/nasos_pogruzhnoy_skvazhinnyy_vinko_4stm_2_28/,bx_40480796_45235_2d557ec58433dd4c903e3a05b652ad3b,Насос погружной скважинный Vinko 4STm 2/28,4STm 2/28,Макс. напор:,182 м,182,Макс. производ:,3.61 м³/ч,60,Напряжение:,220 В,220,Макс. мощность:,1.5 кВт,1.5,4STm,,series_size,needs_review,series_diameter_only,1939,Погружной скважинный насос VINKO 4STM2/28,matched,model_exact; unique_active_product
Vinko,https://nasosymarket.ru/catalog/vinko/,https://nasosymarket.ru/catalog/vinko/?PAGEN_1=6,https://nasosymarket.ru/catalog/vodyanye_nasosy/nasos_pogruzhnoy_skvazhinnyy_vinko_4stm_2_40/,bx_40480796_45238_4d476843507a14967898846b3d9dcc46,Насос погружной скважинный Vinko 4STm 2/40,4STm 2/40,Макс. напор:,260 м,260,Макс. производ:,3.61 м³/ч,60,Напряжение:,220 В,220,Макс. мощность:,2.2 кВт,2.2,4STm,,series_size,needs_review,series_diameter_only,1940,Погружной скважинный насос VINKO 4STM2/40,matched,model_exact; unique_active_product
Vinko,https://nasosymarket.ru/catalog/vinko/,https://nasosymarket.ru/catalog/vinko/?PAGEN_1=3,https://nasosymarket.ru/catalog/vodyanye_nasosy/nasos_pogruzhnoy_skvazhinnyy_vinko_4stm_2_7/,bx_40480796_45228_f342bcc33e6b8f41085bb8fa088a5e19,Насос погружной скважинный Vinko 4STm 2/7,4STm 2/7,Макс. напор:,46 м,46,Макс. производ:,3.61 м³/ч,60,Напряжение:,220 В,220,Макс. мощность:,0.37 кВт,0.37,4STm,,series_size,needs_review,series_diameter_only,1935,Погружной скважинный насос VINKO 4STM2/7,matched,model_exact; unique_active_product
Vinko,https://nasosymarket.ru/catalog/vinko/,https://nasosymarket.ru/catalog/vinko/?PAGEN_1=5,https://nasosymarket.ru/catalog/vodyanye_nasosy/nasos_pogruzhnoy_skvazhinnyy_vinko_4stm_4_14/,bx_40480796_45246_7336ecc1cc9fc29bbd635a38db819ae7,Насос погружной скважинный Vinko 4STm 4/14,4STm 4/14,Макс. напор:,90 м,90,Макс. производ:,6.02 м³/ч,100,Напряжение:,220 В,220,Макс. мощность:,1.1 кВт,1.1,4STm,,series_size,needs_review,series_diameter_only,1950,Погружной скважинный насос VINKO 4STM4/14,matched,model_exact; unique_active_product
Vinko,https://nasosymarket.ru/catalog/vinko/,https://nasosymarket.ru/catalog/vinko/?PAGEN_1=2,https://nasosymarket.ru/catalog/vodyanye_nasosy/nasos_pogruzhnoy_skvazhinnyy_vinko_4stm_4_18/,bx_40480796_45248_52eccb44ded0bb34f72b273e9a62ef02,Насос погружной скважинный Vinko 4STm 4/18,4STm 4/18,Макс. напор:,115 м,115,Макс. производ:,6.02 м³/ч,100,Напряжение:,220 В,220,Макс. мощность:,1.5 кВт,1.5,4STm,,series_size,needs_review,series_diameter_only,1951,Погружной скважинный насос VINKO 4STM4/18,matched,model_exact; unique_active_product
Vinko,https://nasosymarket.ru/catalog/vinko/,https://nasosymarket.ru/catalog/vinko/?PAGEN_1=2,https://nasosymarket.ru/catalog/vodyanye_nasosy/nasos_pogruzhnoy_skvazhinnyy_vinko_4stm_4_27/,bx_40480796_45250_cdd13bd5ae7b0c257424b2a019fe9c7f,Насос погружной скважинный Vinko 4STm 4/27,4STm 4/27,Макс. напор:,173 м,173,Макс. производ:,6.02 м³/ч,100,Напряжение:,220 В,220,Макс. мощность:,2.2 кВт,2.2,4STm,,series_size,needs_review,series_diameter_only,1952,Погружной скважинный насос VINKO 4STM4/27,matched,model_exact; unique_active_product
Vinko,https://nasosymarket.ru/catalog/vinko/,https://nasosymarket.ru/catalog/vinko/?PAGEN_1=2,https://nasosymarket.ru/catalog/vodyanye_nasosy/nasos_pogruzhnoy_skvazhinnyy_vinko_4stm_4_35/,bx_40480796_45252_2d557ec58433dd4c903e3a05b652ad3b,Насос погружной скважинный Vinko 4STm 4/35,4STm 4/35,Макс. напор:,225 м,225,Макс. производ:,6.02 м³/ч,100,Напряжение:,220 В,220,Макс. мощность:,3 кВт,3,4STm,,series_size,needs_review,series_diameter_only,1953,Погружной скважинный насос VINKO 4STM4/35,matched,model_exact; unique_active_product
Vinko,https://nasosymarket.ru/catalog/vinko/,https://nasosymarket.ru/catalog/vinko/?PAGEN_1=8,https://nasosymarket.ru/catalog/vodyanye_nasosy/nasos_pogruzhnoy_skvazhinnyy_vinko_4stm_4_48/,bx_40480796_45254_cdd13bd5ae7b0c257424b2a019fe9c7f,Насос погружной скважинный Vinko 4STm 4/48,4STm 4/48,Макс. напор:,308 м,308,Макс. производ:,6.02 м³/ч,100,Напряжение:,220 В,220,Макс. мощность:,4 кВт,4,4STm,,series_size,needs_review,series_diameter_only,1954,Погружной скважинный насос VINKO 4 STM 4/48,matched,model_exact; unique_active_product
Vinko,https://nasosymarket.ru/catalog/vinko/,https://nasosymarket.ru/catalog/vinko/?PAGEN_1=3,https://nasosymarket.ru/catalog/vodyanye_nasosy/nasos_pogruzhnoy_skvazhinnyy_vinko_4stm_4_5/,bx_40480796_45240_405fa73eaca4835adf3c57f863defee8,Насос погружной скважинный Vinko 4STm 4/5,4STm 4/5,Макс. напор:,32 м,32,Макс. производ:,6.02 м³/ч,100,Напряжение:,220 В,220,Макс. мощность:,0.37 кВт,0.37,4STm,,series_size,needs_review,series_diameter_only,,,unmatched,no_active_product_in_category_11900213
Vinko,https://nasosymarket.ru/catalog/vinko/,https://nasosymarket.ru/catalog/vinko/?PAGEN_1=4,https://nasosymarket.ru/catalog/vodyanye_nasosy/nasos_pogruzhnoy_skvazhinnyy_vinko_4stm_4_7/,bx_40480796_45243_d0a71590b973eacbff1119c73534decd,Насос погружной скважинный Vinko 4STm 4/7,4STm 4/7,Макс. напор:,45 м,45,Макс. производ:,6.02 м³/ч,100,Напряжение:,220 В,220,Макс. мощность:,0.55 кВт,0.55,4STm,,series_size,needs_review,series_diameter_only,1948,Погружной скважинный насос  VINKO 4STM4/7,matched,model_exact; unique_active_product
Vinko,https://nasosymarket.ru/catalog/vinko/,https://nasosymarket.ru/catalog/vinko/?PAGEN_1=4,https://nasosymarket.ru/catalog/vodyanye_nasosy/nasos_pogruzhnoy_skvazhinnyy_vinko_4stm_4_9/,bx_40480796_45244_4d476843507a14967898846b3d9dcc46,Насос погружной скважинный Vinko 4STm 4/9,4STm 4/9,Макс. напор:,57 м,57,Макс. производ:,6.02 м³/ч,100,Напряжение:,220 В,220,Макс. мощность:,0.75 кВт,0.75,4STm,,series_size,needs_review,series_diameter_only,1949,Погружной скважинный насос VINKO 4STM4/9,matched,model_exact; unique_active_product
Vinko,https://nasosymarket.ru/catalog/vinko/,https://nasosymarket.ru/catalog/vinko/?PAGEN_1=5,https://nasosymarket.ru/catalog/vodyanye_nasosy/nasos_pogruzhnoy_skvazhinnyy_vinko_4stm_6_10/,bx_40480796_45271_405fa73eaca4835adf3c57f863defee8,Насос погружной скважинный Vinko 4STm 6/10,4STm 6/10,Макс. напор:,60 м,60,Макс. производ:,9.64 м³/ч,161,Напряжение:,220 В,220,Макс. мощность:,1.1 кВт,1.1,4STm,,series_size,needs_review,series_diameter_only,1965,Погружной скважинный насос VINKO 4STM6/10,matched,model_exact; unique_active_product
Vinko,https://nasosymarket.ru/catalog/vinko/,https://nasosymarket.ru/catalog/vinko/?PAGEN_1=5,https://nasosymarket.ru/catalog/vodyanye_nasosy/nasos_pogruzhnoy_skvazhinnyy_vinko_4stm_6_14/,bx_40480796_45273_4d476843507a14967898846b3d9dcc46,Насос погружной скважинный Vinko 4STm 6/14,4STm 6/14,Макс. напор:,84 м,84,Макс. производ:,9.64 м³/ч,161,Напряжение:,220 В,220,Макс. мощность:,1.5 кВт,1.5,4STm,,series_size,needs_review,series_diameter_only,1966,Погружной скважинный насос VINKO 4STM6/14,matched,model_exact; unique_active_product
Vinko,https://nasosymarket.ru/catalog/vinko/,https://nasosymarket.ru/catalog/vinko/?PAGEN_1=2,https://nasosymarket.ru/catalog/vodyanye_nasosy/nasos_pogruzhnoy_skvazhinnyy_vinko_4stm_6_20/,bx_40480796_45275_d0a71590b973eacbff1119c73534decd,Насос погружной скважинный Vinko 4STm 6/20,4STm 6/20,Макс. напор:,120 м,120,Макс. производ:,9.64 м³/ч,161,Напряжение:,220 В,220,Макс. мощность:,2.2 кВт,2.2,4STm,,series_size,needs_review,series_diameter_only,1967,Погружной скважинный насос VINKO 4STM6/20,matched,model_exact; unique_active_product
Vinko,https://nasosymarket.ru/catalog/vinko/,https://nasosymarket.ru/catalog/vinko/?PAGEN_1=2,https://nasosymarket.ru/catalog/vodyanye_nasosy/nasos_pogruzhnoy_skvazhinnyy_vinko_4stm_6_27/,bx_40480796_45277_f342bcc33e6b8f41085bb8fa088a5e19,Насос погружной скважинный Vinko 4STm 6/27,4STm 6/27,Макс. напор:,162 м,162,Макс. производ:,9.64 м³/ч,161,Напряжение:,220 В,220,Макс. мощность:,3 кВт,3,4STm,,series_size,needs_review,series_diameter_only,,,unmatched,no_active_product_in_category_11900213
Vinko,https://nasosymarket.ru/catalog/vinko/,https://nasosymarket.ru/catalog/vinko/?PAGEN_1=2,https://nasosymarket.ru/catalog/vodyanye_nasosy/nasos_pogruzhnoy_skvazhinnyy_vinko_4stm_6_36/,bx_40480796_45279_17b16917a6b5115092ad464bbbd08140,Насос погружной скважинный Vinko 4STm 6/36,4STm 6/36,Макс. напор:,216 м,216,Макс. производ:,9.64 м³/ч,161,Напряжение:,220 В,220,Макс. мощность:,4 кВт,4,4STm,,series_size,needs_review,series_diameter_only,,,unmatched,no_active_product_in_category_11900213
Vinko,https://nasosymarket.ru/catalog/vinko/,https://nasosymarket.ru/catalog/vinko/?PAGEN_1=3,https://nasosymarket.ru/catalog/vodyanye_nasosy/nasos_pogruzhnoy_skvazhinnyy_vinko_4stm_6_7/,bx_40480796_45269_7336ecc1cc9fc29bbd635a38db819ae7,Насос погружной скважинный Vinko 4STm 6/7,4STm 6/7,Макс. напор:,42 м,42,Макс. производ:,9.64 м³/ч,161,Напряжение:,220 В,220,Макс. мощность:,0.75 кВт,0.75,4STm,,series_size,needs_review,series_diameter_only,1964,Погружной скважинный насос VINKO 4STM6/7,matched,model_exact; unique_active_product
Vinko,https://nasosymarket.ru/catalog/vinko/,https://nasosymarket.ru/catalog/vinko/?PAGEN_1=6,https://nasosymarket.ru/catalog/vodyanye_nasosy/nasos_pogruzhnoy_skvazhinnyy_vinko_4stm_8_13/,bx_40480796_45262_d0a71590b973eacbff1119c73534decd,Насос погружной скважинный Vinko 4STm 8/13,4STm 8/13,Макс. напор:,81 м,81,Макс. производ:,12.05 м³/ч,201,Напряжение:,220 В,220,Макс. мощность:,2.2 кВт,2.2,4STm,,series_size,needs_review,series_diameter_only,1978,Погружной скважинный насос VINKO 4STM8/13,matched,model_exact; unique_active_product
Vinko,https://nasosymarket.ru/catalog/vinko/,https://nasosymarket.ru/catalog/vinko/?PAGEN_1=6,https://nasosymarket.ru/catalog/vodyanye_nasosy/nasos_pogruzhnoy_skvazhinnyy_vinko_4stm_8_17/,bx_40480796_45264_7336ecc1cc9fc29bbd635a38db819ae7,Насос погружной скважинный Vinko 4STm 8/17,4STm 8/17,Макс. напор:,106 м,106,Макс. производ:,12.05 м³/ч,201,Напряжение:,220 В,220,Макс. мощность:,3 кВт,3,4STm,,series_size,needs_review,series_diameter_only,,,unmatched,no_active_product_in_category_11900213
Vinko,https://nasosymarket.ru/catalog/vinko/,https://nasosymarket.ru/catalog/vinko/?PAGEN_1=2,https://nasosymarket.ru/catalog/vodyanye_nasosy/nasos_pogruzhnoy_skvazhinnyy_vinko_4stm_8_23/,bx_40480796_45266_405fa73eaca4835adf3c57f863defee8,Насос погружной скважинный Vinko 4STm 8/23,4STm 8/23,Макс. напор:,143 м,143,Макс. производ:,12.05 м³/ч,201,Напряжение:,220 В,220,Макс. мощность:,4 кВт,4,4STm,,series_size,needs_review,series_diameter_only,,,unmatched,no_active_product_in_category_11900213
Vinko,https://nasosymarket.ru/catalog/vinko/,https://nasosymarket.ru/catalog/vinko/?PAGEN_1=3,https://nasosymarket.ru/catalog/vodyanye_nasosy/nasos_pogruzhnoy_skvazhinnyy_vinko_4stm_8_4/,bx_40480796_45256_bcdd4f2daf1f375f7393bdaabb43c42c,Насос погружной скважинный Vinko 4STm 8/4,4STm 8/4,Макс. напор:,25 м,25,Макс. производ:,12.05 м³/ч,201,Напряжение:,220 В,220,Макс. мощность:,0.75 кВт,0.75,4STm,,series_size,needs_review,series_diameter_only,1975,Погружной скважинный насос VINKO 4STM8/4,matched,model_exact; unique_active_product
Vinko,https://nasosymarket.ru/catalog/vinko/,https://nasosymarket.ru/catalog/vinko/?PAGEN_1=4,https://nasosymarket.ru/catalog/vodyanye_nasosy/nasos_pogruzhnoy_skvazhinnyy_vinko_4stm_8_6/,bx_40480796_45258_f342bcc33e6b8f41085bb8fa088a5e19,Насос погружной скважинный Vinko 4STm 8/6,4STm 8/6,Макс. напор:,37 м,37,Макс. производ:,12.05 м³/ч,201,Напряжение:,220 В,220,Макс. мощность:,1.1 кВт,1.1,4STm,,series_size,needs_review,series_diameter_only,1976,Погружной скважинный насос VINKO 4STM8/6,matched,model_exact; unique_active_product
Vinko,https://nasosymarket.ru/catalog/vinko/,https://nasosymarket.ru/catalog/vinko/?PAGEN_1=4,https://nasosymarket.ru/catalog/vodyanye_nasosy/nasos_pogruzhnoy_skvazhinnyy_vinko_4stm_8_8/,bx_40480796_45260_7336ecc1cc9fc29bbd635a38db819ae7,Насос погружной скважинный Vinko 4STm 8/8,4STm 8/8,Макс. напор:,50 м,50,Макс. производ:,12.05 м³/ч,201,Напряжение:,220 В,220,Макс. мощность:,1.5 кВт,1.5,4STm,,series_size,needs_review,series_diameter_only,1977,Погружной скважинный насос VINKO 4STM8/8,matched,model_exact; unique_active_product
Vinko,https://nasosymarket.ru/catalog/vinko/,https://nasosymarket.ru/catalog/vinko/?PAGEN_1=2,https://nasosymarket.ru/catalog/vodyanye_nasosy/nasos_pogruzhnoy_skvazhinnyy_vinko_6st_18_13_380v/,bx_40480796_45373_ceff6ff2fb7e75cfd3194733fb4b61ca,Насос погружной скважинный Vinko 6ST 18/13 (380в),6ST 18/13 (380в),Макс. напор:,191 м,191,Макс. производ:,27.11 м³/ч,452,Напряжение:,380 В,380,Макс. мощность:,11 кВт,11,6ST,,series_size,needs_review,series_diameter_only,7604,Погружной скважинный насос VINKO 6ST18/13 ,matched,model_exact; unique_active_product
Vinko,https://nasosymarket.ru/catalog/vinko/,https://nasosymarket.ru/catalog/vinko/?PAGEN_1=2,https://nasosymarket.ru/catalog/vodyanye_nasosy/nasos_pogruzhnoy_skvazhinnyy_vinko_6st_18_15_380v/,bx_40480796_45374_4d476843507a14967898846b3d9dcc46,Насос погружной скважинный Vinko 6ST 18/15 (380в),6ST 18/15 (380в),Макс. напор:,220 м,220,Макс. производ:,27.11 м³/ч,452,Напряжение:,380 В,380,Макс. мощность:,13 кВт,13,6ST,,series_size,needs_review,series_diameter_only,7605,Погружной скважинный насос VINKO 6ST18/15 ,matched,model_exact; unique_active_product
Vinko,https://nasosymarket.ru/catalog/vinko/,https://nasosymarket.ru/catalog/vinko/?PAGEN_1=3,https://nasosymarket.ru/catalog/vodyanye_nasosy/nasos_pogruzhnoy_skvazhinnyy_vinko_6st_18_18_380v/,bx_40480796_45375_52eccb44ded0bb34f72b273e9a62ef02,Насос погружной скважинный Vinko 6ST 18/18 (380в),6ST 18/18 (380в),Макс. напор:,264 м,264,Макс. производ:,27.11 м³/ч,452,Напряжение:,380 В,380,Макс. мощность:,15 кВт,15,6ST,,series_size,needs_review,series_diameter_only,7606,Погружной скважинный насос VINKO 6ST18/18 ,matched,model_exact; unique_active_product
Vinko,https://nasosymarket.ru/catalog/vinko/,https://nasosymarket.ru/catalog/vinko/?PAGEN_1=3,https://nasosymarket.ru/catalog/vodyanye_nasosy/nasos_pogruzhnoy_skvazhinnyy_vinko_6st_30_15_380v/,bx_40480796_45376_d0a71590b973eacbff1119c73534decd,Насос погружной скважинный Vinko 6ST 30/15 (380в),6ST 30/15 (380в),Макс. напор:,213 м,213,Макс. производ:,40.18 м³/ч,670,Напряжение:,380 В,380,Макс. мощность:,15 кВт,15,6ST,,series_size,needs_review,series_diameter_only,7613,Погружной скважинный насос VINKO 6ST30/15,matched,model_exact; unique_active_product
Vinko,https://nasosymarket.ru/catalog/vinko/,https://nasosymarket.ru/catalog/vinko/?PAGEN_1=3,https://nasosymarket.ru/catalog/vodyanye_nasosy/nasos_pogruzhnoy_skvazhinnyy_vinko_6st_30_18_380v/,bx_40480796_45377_cdd13bd5ae7b0c257424b2a019fe9c7f,Насос погружной скважинный Vinko 6ST 30/18 (380в),6ST 30/18 (380в),Макс. напор:,255 м,255,Макс. производ:,40.18 м³/ч,670,Напряжение:,380 В,380,Макс. мощность:,18.5 кВт,18.5,6ST,,series_size,needs_review,series_diameter_only,7614,Погружной скважинный насос VINKO 6ST30/18 ,matched,model_exact; unique_active_product
